01-starting/01-1-hello.md	hello.html
01-starting/01-2-datatypes.md	data-types.html
01-starting/01-3-control-flow.md	control-flow.html
02-ownership/02-1-aggtypes.md	aggregate-types.html
02-ownership/02-2-strings.md	strings.html
02-ownership/02-3-lifetimes.md	lifetimes.html
02-ownership/02-4-ownership.md	ownership.html
03-memory/03-1-structs.md	structs.html
03-memory/03-2-enums.md	enums.html
03-memory/03-3-patmatch.md	pattern-matching.html
03-memory/03-4-generics.md	generics.html
03-memory/03-5-heap.md	heap.html
04-se/04-1-errors.md	errors.html
04-se/04-2-crates.md	crates.html
05-traits/05-1-generics.md	advanced-generics.html
05-traits/05-2-traits.md	traits.html
05-traits/05-3-rs-traits.md	standard-traits.html
05-traits/05-4-share-traits.md	sharing-traits.html
05-traits/05-5-op-traits.md	operator-traits.html
06-iterators/06-1-iterators.md	iterators.html
06-iterators/06-2-closures.md	closures.html
07-collections/07-1-io.md	io.html
07-collections/07-2-collections.md	collections.html
08-concurrent/08-1-parallel.md	parallelism.html
08-concurrent/08-2-async.md	async.html
09-macros/09-1-declmacros.md	declarative-macros.html
09-macros/09-2-procmacros.md	procedural-macros.html
10-unsafe/10-1-unsafe.md	unsafe.html
10-unsafe/10-2-ffi.md	ffi.html
